{
  "interactionModel": {
    "languageModel": {
      "invocationName": "dialogue baazigar",
      "intents": [
        {
          "name": "AMAZON.CancelIntent",
          "samples": []
        },
        {
          "name": "AMAZON.HelpIntent",
          "samples": []
        },
        {
          "name": "AMAZON.StopIntent",
          "samples": []
        },
        {
          "name": "HelloWorldIntent",
          "slots": [],
          "samples": [
            "hello",
            "how are you",
            "say hi world",
            "say hi",
            "hi",
            "say hello world",
            "say hello"
          ]
        },
        {
          "name": "AMAZON.NavigateHomeIntent",
          "samples": []
        },
        {
          "name": "DialogueIntent",
          "slots": [],
          "samples": [
            "yes give me the dialogue"
          ]
        },
        {
          "name": "AMAZON.YesIntent",
          "samples": []
        },
        {
          "name": "AMAZON.RepeatIntent",
          "samples": [
            "pardon",
            "please repeat",
            "repeat"
          ]
        }
      ],
      "types": []
    }
  },
  "version": "8"
}